time,phi,phi_exact
0.0,1.0,1.0
0.001,0.760287230697898,-0.8390715290764524
0.002,0.399892645994566,0.40808206181339196
0.003,-0.0579093098355512,0.15425144988758405
0.004,-0.538678839907942,-0.6669380616522619
0.005,-0.92981045529223,0.9649660284921133
0.006,-1.12845642244211,-0.9524129804151563
0.007,-1.08132664118336,0.6333192030862999
0.008,-0.799974534479571,-0.11038724383904756
0.009,-0.354868370385005,-0.4480736161291701
0.01,0.144123604766231,0.8623188722876839
